Time (ms),Temperature (deg C),Pressure (hpa),Humidity (%),Altitude (m),ax (m/s²),ay (m/s²),az (m/s²),gx (rad/s),gy (rad/s),gz (rad/s)
60006,23.12,1019.44,37.76,-51.41,2.96,-0.44,-10.88,-0.09,-0.06,-0.03
60024,23.12,1019.44,37.76,-51.41,2.97,-0.43,-10.88,-0.09,-0.06,-0.03
60042,23.12,1019.44,37.76,-51.41,2.95,-0.40,-10.89,-0.09,-0.06,-0.03
60060,23.12,1019.44,37.76,-51.41,2.95,-0.42,-10.90,-0.09,-0.06,-0.02
60081,23.12,1019.44,37.76,-51.25,3.01,-0.42,-10.86,-0.07,-0.07,-0.03
60099,23.12,1019.42,37.68,-51.25,2.92,-0.50,-10.91,-0.12,-0.06,-0.01
60116,23.12,1019.42,37.68,-51.25,3.00,-0.33,-10.89,-0.07,-0.06,-0.05
60135,23.12,1019.42,37.68,-51.25,2.96,-0.49,-10.89,-0.11,-0.06,-0.00
60153,23.12,1019.42,37.68,-51.25,2.98,-0.45,-10.89,-0.08,-0.06,-0.03
60171,23.12,1019.42,37.68,-51.25,2.91,-0.36,-10.88,-0.10,-0.06,-0.01
60189,23.11,1019.42,37.72,-51.21,2.98,-0.48,-10.88,-0.09,-0.06,-0.03
60210,23.11,1019.42,37.72,-51.21,2.97,-0.37,-10.91,-0.09,-0.06,-0.03
60228,23.11,1019.42,37.72,-51.21,2.94,-0.38,-10.92,-0.09,-0.06,-0.01
60246,23.11,1019.42,37.72,-51.21,2.98,-0.41,-10.89,-0.08,-0.06,-0.01
60264,23.11,1019.42,37.72,-51.21,2.93,-0.47,-10.83,-0.08,-0.07,-0.03
60282,23.11,1019.41,37.73,-51.20,2.94,-0.41,-10.91,-0.12,-0.06,-0.01
60301,23.11,1019.41,37.73,-51.20,3.02,-0.40,-10.92,-0.07,-0.06,-0.05
60318,23.11,1019.41,37.73,-51.20,2.92,-0.44,-10.86,-0.10,-0.06,-0.01
60337,23.11,1019.41,37.73,-51.20,2.97,-0.44,-10.88,-0.09,-0.06,-0.03
60364,23.11,1019.41,37.73,-51.20,2.96,-0.48,-10.90,-0.08,-0.06,-0.03
60383,23.11,1019.40,37.76,-51.09,2.96,-0.40,-10.89,-0.10,-0.06,-0.02
60401,23.11,1019.40,37.76,-51.09,2.94,-0.40,-10.88,-0.09,-0.06,-0.02
60419,23.11,1019.40,37.76,-51.09,2.99,-0.42,-10.89,-0.08,-0.06,-0.03
60437,23.11,1019.40,37.76,-51.09,2.94,-0.46,-10.86,-0.10,-0.06,-0.02
60455,23.11,1019.40,37.76,-51.09,2.97,-0.40,-10.88,-0.09,-0.06,-0.03
60474,23.11,1019.41,37.74,-51.17,3.00,-0.39,-10.87,-0.09,-0.06,-0.02
60493,23.11,1019.41,37.74,-51.17,2.94,-0.47,-10.87,-0.09,-0.06,-0.03
60512,23.11,1019.41,37.74,-51.17,2.94,-0.40,-10.90,-0.10,-0.06,-0.03
60530,23.11,1019.41,37.74,-51.17,2.97,-0.38,-10.86,-0.09,-0.06,-0.02
60549,23.11,1019.41,37.74,-51.17,2.95,-0.47,-10.88,-0.09,-0.06,-0.02
60566,23.11,1019.41,37.75,-51.09,2.94,-0.41,-10.89,-0.10,-0.06,-0.02
60584,23.12,1019.40,37.75,-51.09,2.97,-0.41,-10.92,-0.09,-0.06,-0.03
60603,23.12,1019.40,37.75,-51.09,2.98,-0.45,-10.89,-0.09,-0.06,-0.02
60623,23.12,1019.40,37.75,-51.09,2.97,-0.40,-10.88,-0.10,-0.06,-0.02
60641,23.12,1019.40,37.75,-51.09,2.94,-0.38,-10.89,-0.09,-0.06,-0.02
60659,23.12,1019.40,37.75,-51.09,2.94,-0.44,-10.85,-0.08,-0.06,-0.02
60678,23.12,1019.42,37.74,-51.23,2.94,-0.44,-10.89,-0.09,-0.06,-0.02
60695,23.12,1019.42,37.74,-51.23,2.95,-0.39,-10.87,-0.09,-0.06,-0.02
60713,23.12,1019.42,37.74,-51.23,2.97,-0.41,-10.88,-0.09,-0.06,-0.02
60732,23.12,1019.42,37.74,-51.23,2.98,-0.45,-10.88,-0.09,-0.06,-0.02
60750,23.12,1019.42,37.74,-51.23,2.97,-0.45,-10.88,-0.09,-0.06,-0.02
60770,23.12,1019.43,37.68,-51.32,2.96,-0.41,-10.89,-0.09,-0.06,-0.02
60788,23.12,1019.43,37.68,-51.32,2.95,-0.43,-10.89,-0.09,-0.06,-0.02
60807,23.12,1019.43,37.68,-51.32,2.98,-0.43,-10.90,-0.09,-0.06,-0.02
60825,23.12,1019.43,37.68,-51.32,2.94,-0.44,-10.90,-0.09,-0.06,-0.02
60843,23.12,1019.43,37.68,-51.32,2.93,-0.41,-10.88,-0.09,-0.06,-0.02
60861,23.12,1019.42,37.63,-51.22,2.96,-0.44,-10.90,-0.09,-0.06,-0.03
60879,23.12,1019.42,37.63,-51.22,2.97,-0.41,-10.90,-0.09,-0.06,-0.02
60900,23.12,1019.42,37.63,-51.22,2.97,-0.41,-10.90,-0.09,-0.06,-0.03
60917,23.12,1019.42,37.63,-51.22,2.93,-0.47,-10.92,-0.10,-0.06,-0.03
60936,23.12,1019.42,37.63,-51.22,2.98,-0.39,-10.90,-0.09,-0.06,-0.03
60954,23.12,1019.42,37.63,-51.27,2.96,-0.44,-10.87,-0.09,-0.06,-0.03
60972,23.12,1019.42,37.75,-51.27,2.95,-0.43,-10.90,-0.10,-0.06,-0.03
60990,23.12,1019.42,37.75,-51.27,2.96,-0.45,-10.89,-0.09,-0.06,-0.03
61008,23.12,1019.42,37.75,-51.27,2.95,-0.43,-10.90,-0.09,-0.06,-0.02
61029,23.12,1019.42,37.75,-51.27,2.99,-0.43,-10.89,-0.08,-0.06,-0.02
61046,23.12,1019.42,37.75,-51.27,2.94,-0.41,-10.90,-0.08,-0.06,-0.01
61065,23.12,1019.42,37.70,-51.22,2.98,-0.45,-10.89,-0.09,-0.06,-0.03
61083,23.12,1019.42,37.70,-51.22,2.94,-0.44,-10.89,-0.10,-0.06,-0.03
61102,23.12,1019.42,37.70,-51.22,2.98,-0.38,-10.90,-0.10,-0.06,-0.03
61119,23.12,1019.42,37.70,-51.22,2.96,-0.37,-10.89,-0.08,-0.07,-0.02
61137,23.12,1019.42,37.70,-51.22,2.94,-0.42,-10.91,-0.08,-0.06,-0.01
61156,23.12,1019.40,37.79,-51.09,3.01,-0.45,-10.91,-0.07,-0.06,-0.01
61176,23.12,1019.40,37.79,-51.09,2.94,-0.39,-10.88,-0.08,-0.06,0.00
61194,23.12,1019.40,37.79,-51.09,2.97,-0.55,-10.87,-0.09,-0.06,-0.04
61212,23.12,1019.40,37.79,-51.09,2.93,-0.34,-10.89,-0.11,-0.06,-0.02
61231,23.12,1019.40,37.79,-51.09,3.03,-0.40,-10.91,-0.07,-0.06,-0.02
61248,23.12,1019.40,37.77,-51.08,2.92,-0.52,-10.87,-0.08,-0.07,-0.01
61266,23.12,1019.40,37.77,-51.08,2.94,-0.48,-10.87,-0.09,-0.06,-0.03
61285,23.12,1019.40,37.77,-51.08,3.00,-0.35,-10.88,-0.11,-0.06,-0.01
61305,23.12,1019.40,37.77,-51.08,2.95,-0.51,-10.91,-0.07,-0.06,-0.03
61323,23.12,1019.40,37.77,-51.08,2.99,-0.45,-10.90,-0.09,-0.06,-0.01
61341,23.12,1019.40,37.77,-51.11,2.95,-0.51,-10.87,-0.10,-0.06,-0.02
61360,23.12,1019.40,37.68,-51.11,2.92,-0.27,-10.90,-0.10,-0.06,-0.03
61378,23.12,1019.40,37.68,-51.11,3.02,-0.54,-10.90,-0.08,-0.06,-0.03
61395,23.12,1019.40,37.68,-51.11,2.92,-0.40,-10.91,-0.09,-0.06,-0.02
61414,23.12,1019.40,37.68,-51.11,2.97,-0.51,-10.91,-0.09,-0.06,-0.02
61442,23.12,1019.40,37.66,-50.99,2.99,-0.40,-10.92,-0.09,-0.06,-0.03
61460,23.12,1019.39,37.66,-50.99,2.97,-0.45,-10.90,-0.09,-0.07,-0.02
61477,23.12,1019.39,37.66,-50.99,2.93,-0.49,-10.92,-0.08,-0.06,-0.02
61496,23.12,1019.39,37.66,-50.99,2.95,-0.43,-10.89,-0.10,-0.06,-0.03
61514,23.12,1019.39,37.66,-50.99,2.98,-0.45,-10.89,-0.08,-0.07,-0.05
61533,23.12,1019.39,37.66,-50.99,2.97,-0.43,-10.87,-0.10,-0.06,-0.03
61550,23.12,1019.39,37.69,-50.98,2.98,-0.40,-10.91,-0.09,-0.06,-0.03
61569,23.12,1019.39,37.69,-50.98,2.93,-0.52,-10.89,-0.09,-0.07,-0.03
61589,23.12,1019.39,37.69,-50.98,2.92,-0.45,-10.89,-0.12,-0.06,-0.03
61607,23.12,1019.39,37.69,-50.98,2.98,-0.33,-10.93,-0.09,-0.05,-0.02
61625,23.12,1019.39,37.69,-50.98,2.99,-0.43,-10.92,-0.09,-0.06,-0.02
61643,23.12,1019.40,37.69,-51.05,2.91,-0.53,-10.87,-0.09,-0.07,-0.04
61662,23.12,1019.40,37.69,-51.05,2.90,-0.40,-10.89,-0.12,-0.06,-0.03
61680,23.12,1019.40,37.69,-51.05,3.00,-0.33,-10.90,-0.10,-0.05,-0.03
61698,23.12,1019.40,37.69,-51.05,3.03,-0.43,-10.89,-0.07,-0.07,-0.03
61718,23.12,1019.40,37.69,-51.05,2.88,-0.47,-10.87,-0.10,-0.07,-0.02
61736,23.12,1019.42,37.69,-51.21,2.94,-0.40,-10.91,-0.09,-0.05,-0.03
61755,23.12,1019.42,37.69,-51.21,3.00,-0.35,-10.90,-0.08,-0.06,-0.01
61772,23.12,1019.42,37.69,-51.21,2.98,-0.56,-10.87,-0.08,-0.07,-0.03
61791,23.12,1019.42,37.69,-51.21,2.87,-0.33,-10.87,-0.11,-0.06,-0.01
61809,23.12,1019.42,37.69,-51.21,2.97,-0.48,-10.89,-0.07,-0.06,-0.04
61827,23.12,1019.42,37.69,-51.18,2.96,-0.47,-10.89,-0.10,-0.06,-0.02
61847,23.11,1019.41,37.65,-51.18,2.99,-0.33,-10.87,-0.10,-0.06,-0.02
61865,23.11,1019.41,37.65,-51.18,2.95,-0.44,-10.87,-0.07,-0.07,-0.02
61884,23.11,1019.41,37.65,-51.18,2.89,-0.53,-10.90,-0.09,-0.06,-0.04
61901,23.11,1019.41,37.65,-51.18,2.99,-0.38,-10.88,-0.12,-0.06,-0.02
61920,23.11,1019.41,37.65,-51.18,3.04,-0.36,-10.90,-0.09,-0.06,-0.03
61938,23.12,1019.45,37.77,-51.46,2.92,-0.44,-10.89,-0.09,-0.07,-0.02
61957,23.12,1019.45,37.77,-51.46,2.97,-0.29,-10.92,-0.08,-0.05,0.01
61974,23.12,1019.45,37.77,-51.46,3.08,-0.56,-10.94,-0.05,-0.07,-0.04
61995,23.12,1019.45,37.77,-51.46,2.77,-0.53,-10.80,-0.13,-0.09,-0.01
62013,23.12,1019.45,37.77,-51.46,2.97,-0.26,-10.81,-0.10,-0.03,-0.02
62031,23.12,1019.41,37.74,-51.15,3.08,-0.43,-10.95,-0.07,-0.06,-0.04
62049,23.12,1019.41,37.74,-51.15,2.89,-0.52,-10.90,-0.08,-0.10,-0.02
62067,23.12,1019.41,37.74,-51.15,2.89,-0.39,-10.85,-0.09,-0.06,-0.01
62086,23.12,1019.41,37.74,-51.15,3.06,-0.42,-10.92,-0.08,-0.05,-0.01
62104,23.12,1019.41,37.74,-51.15,2.89,-0.47,-10.89,-0.08,-0.07,-0.01
62124,23.12,1019.40,37.83,-51.10,2.99,-0.43,-10.88,-0.08,-0.06,-0.03
62142,23.12,1019.40,37.83,-51.10,2.90,-0.53,-10.87,-0.10,-0.07,-0.04
62160,23.12,1019.40,37.83,-51.10,2.96,-0.40,-10.89,-0.11,-0.05,-0.04
62179,23.12,1019.40,37.83,-51.10,2.97,-0.32,-10.91,-0.10,-0.05,-0.02
62196,23.12,1019.40,37.83,-51.10,3.01,-0.46,-10.90,-0.07,-0.07,-0.02
62215,23.12,1019.40,37.83,-51.17,2.91,-0.48,-10.87,-0.10,-0.07,-0.02
62233,23.12,1019.41,37.74,-51.17,2.94,-0.41,-10.87,-0.10,-0.06,-0.04
62253,23.12,1019.41,37.74,-51.17,2.99,-0.42,-10.90,-0.10,-0.06,-0.03
62271,23.12,1019.41,37.74,-51.17,3.00,-0.40,-10.88,-0.08,-0.06,-0.02
62289,23.12,1019.41,37.74,-51.17,2.95,-0.35,-10.86,-0.08,-0.06,0.00
62308,23.12,1019.41,37.74,-51.17,2.98,-0.53,-10.92,-0.07,-0.06,-0.01
62325,23.12,1019.43,37.76,-51.31,2.93,-0.41,-10.86,-0.08,-0.07,-0.03
62344,23.12,1019.43,37.76,-51.31,2.93,-0.53,-10.87,-0.12,-0.06,-0.02
62362,23.12,1019.43,37.76,-51.31,3.04,-0.22,-10.92,-0.07,-0.05,0.00
62383,23.12,1019.43,37.76,-51.31,2.99,-0.66,-10.97,-0.06,-0.09,-0.05
62400,23.12,1019.43,37.76,-51.31,2.77,-0.47,-10.85,-0.13,-0.07,0.00
62418,23.12,1019.41,37.86,-51.13,3.05,-0.24,-10.88,-0.09,-0.02,-0.01
62437,23.12,1019.41,37.86,-51.13,3.07,-0.51,-10.96,-0.05,-0.08,-0.03
62454,23.12,1019.41,37.86,-51.13,2.82,-0.51,-10.80,-0.09,-0.09,-0.01
62473,23.12,1019.41,37.86,-51.13,2.96,-0.45,-10.81,-0.10,-0.04,-0.03
62491,23.12,1019.41,37.86,-51.13,3.00,-0.38,-10.92,-0.10,-0.05,-0.02
62510,23.12,1019.41,37.98,-51.08,2.98,-0.45,-10.90,-0.08,-0.07,-0.02
62537,23.12,1019.40,37.98,-51.08,2.96,-0.51,-10.86,-0.09,-0.06,-0.03
62555,23.12,1019.40,37.98,-51.08,2.94,-0.49,-10.91,-0.12,-0.06,-0.03
62573,23.12,1019.40,37.98,-51.08,2.99,-0.30,-10.89,-0.09,-0.06,-0.03
62592,23.12,1019.40,37.98,-51.08,3.00,-0.48,-10.90,-0.09,-0.07,-0.02
62610,23.12,1019.42,38.02,-51.22,2.88,-0.47,-10.86,-0.09,-0.06,-0.03
62627,23.12,1019.42,38.02,-51.22,2.97,-0.43,-10.92,-0.10,-0.06,-0.03
62646,23.12,1019.42,38.02,-51.22,2.98,-0.46,-10.89,-0.10,-0.06,-0.03
62666,23.12,1019.42,38.02,-51.22,2.99,-0.35,-10.88,-0.08,-0.06,-0.02
62685,23.12,1019.42,38.02,-51.22,2.93,-0.59,-10.91,-0.09,-0.07,-0.03
62702,23.12,1019.42,38.02,-51.34,2.90,-0.38,-10.87,-0.11,-0.05,-0.02
62721,23.12,1019.43,38.02,-51.34,3.01,-0.37,-10.94,-0.08,-0.06,-0.02
62739,23.12,1019.43,38.02,-51.34,2.98,-0.47,-10.88,-0.08,-0.07,-0.02
62756,23.12,1019.43,38.02,-51.34,2.88,-0.42,-10.88,-0.10,-0.06,-0.02
62775,23.12,1019.43,38.02,-51.34,3.00,-0.42,-10.91,-0.09,-0.06,-0.02
62795,23.12,1019.43,38.02,-51.34,2.93,-0.45,-10.87,-0.09,-0.06,-0.03
62814,23.12,1019.41,38.05,-51.17,2.97,-0.38,-10.88,-0.09,-0.06,-0.01
62831,23.12,1019.41,38.05,-51.17,2.96,-0.46,-10.86,-0.08,-0.06,-0.02
62850,23.12,1019.41,38.05,-51.17,2.95,-0.49,-10.88,-0.10,-0.06,-0.03
62868,23.12,1019.41,38.05,-51.17,2.99,-0.35,-10.90,-0.09,-0.06,-0.02
62886,23.12,1019.41,38.05,-51.17,2.98,-0.49,-10.88,-0.07,-0.07,-0.03
62904,23.12,1019.43,38.04,-51.34,2.87,-0.48,-10.85,-0.11,-0.06,-0.03
62922,23.12,1019.43,38.04,-51.34,3.03,-0.39,-10.94,-0.08,-0.05,-0.03
62943,23.12,1019.43,38.04,-51.34,2.95,-0.44,-10.91,-0.09,-0.07,-0.01
62961,23.12,1019.43,38.04,-51.34,2.89,-0.42,-10.88,-0.09,-0.06,-0.03
62979,23.12,1019.43,38.04,-51.34,3.00,-0.49,-10.91,-0.10,-0.06,-0.04
62997,23.12,1019.40,38.17,-51.08,2.96,-0.40,-10.91,-0.10,-0.06,-0.02
63015,23.12,1019.40,38.17,-51.08,2.96,-0.47,-10.86,-0.09,-0.06,-0.03
63033,23.12,1019.40,38.17,-51.08,2.95,-0.40,-10.89,-0.10,-0.06,-0.02
63051,23.12,1019.40,38.17,-51.08,2.98,-0.45,-10.89,-0.08,-0.06,-0.03
63072,23.12,1019.40,38.17,-51.08,2.95,-0.53,-10.87,-0.09,-0.07,-0.03
63090,23.12,1019.40,38.21,-51.10,2.93,-0.32,-10.87,-0.11,-0.05,0.00
63108,23.12,1019.40,38.21,-51.10,3.01,-0.40,-10.95,-0.06,-0.07,-0.05
63126,23.12,1019.40,38.21,-51.10,2.88,-0.56,-10.87,-0.11,-0.07,-0.02
63144,23.12,1019.40,38.21,-51.10,2.98,-0.36,-10.88,-0.09,-0.05,-0.02
63163,23.12,1019.40,38.21,-51.10,3.01,-0.39,-10.92,-0.08,-0.07,-0.01
63180,23.12,1019.40,38.21,-51.10,2.89,-0.51,-10.81,-0.08,-0.07,-0.03
63201,23.12,1019.43,38.25,-51.31,3.01,-0.43,-10.90,-0.10,-0.06,-0.02
63219,23.12,1019.43,38.25,-51.31,2.96,-0.37,-10.88,-0.08,-0.06,-0.02
63238,23.12,1019.43,38.25,-51.31,2.94,-0.54,-10.88,-0.09,-0.07,-0.03
63255,23.12,1019.43,38.25,-51.31,2.95,-0.45,-10.90,-0.11,-0.06,-0.02
63273,23.12,1019.43,38.25,-51.31,3.02,-0.43,-10.89,-0.09,-0.06,-0.03
63292,23.12,1019.41,38.48,-51.14,2.91,-0.46,-10.88,-0.09,-0.06,-0.03
63309,23.12,1019.41,38.48,-51.14,2.99,-0.40,-10.88,-0.10,-0.06,-0.03
63328,23.12,1019.41,38.48,-51.14,2.96,-0.45,-10.91,-0.09,-0.07,-0.02
63348,23.12,1019.41,38.48,-51.14,2.94,-0.43,-10.89,-0.10,-0.06,-0.02
63367,23.12,1019.41,38.48,-51.14,2.97,-0.43,-10.89,-0.09,-0.07,-0.02
63385,23.12,1019.43,38.64,-51.30,2.94,-0.40,-10.91,-0.09,-0.06,-0.01
63403,23.13,1019.43,38.64,-51.30,2.98,-0.50,-10.91,-0.08,-0.06,-0.03
63421,23.13,1019.43,38.64,-51.30,2.95,-0.48,-10.89,-0.11,-0.07,-0.03
63439,23.13,1019.43,38.64,-51.30,2.94,-0.31,-10.89,-0.10,-0.05,-0.02
63457,23.13,1019.43,38.64,-51.30,3.02,-0.53,-10.90,-0.07,-0.07,-0.04
63477,23.13,1019.43,39.00,-51.31,2.87,-0.43,-10.86,-0.11,-0.06,-0.02
63496,23.12,1019.43,39.00,-51.31,2.99,-0.35,-10.91,-0.09,-0.05,-0.02
63514,23.12,1019.43,39.00,-51.31,2.97,-0.43,-10.90,-0.07,-0.07,-0.02
63532,23.12,1019.43,39.00,-51.31,2.94,-0.52,-10.89,-0.09,-0.06,-0.03
63550,23.12,1019.43,39.00,-51.31,2.99,-0.41,-10.90,-0.10,-0.06,-0.01
63568,23.12,1019.43,39.00,-51.31,2.92,-0.39,-10.91,-0.08,-0.06,-0.02
63587,23.12,1019.43,39.14,-51.31,2.94,-0.49,-10.87,-0.08,-0.06,-0.03
63614,23.12,1019.43,39.14,-51.31,2.99,-0.43,-10.90,-0.09,-0.06,-0.02
63632,23.12,1019.43,39.14,-51.31,2.93,-0.42,-10.90,-0.09,-0.06,-0.02
63650,23.12,1019.43,39.14,-51.31,2.94,-0.43,-10.85,-0.09,-0.06,-0.02
63669,23.12,1019.43,39.14,-51.31,3.00,-0.51,-10.89,-0.08,-0.06,-0.02
63687,23.12,1019.43,39.30,-51.30,2.91,-0.39,-10.88,-0.10,-0.06,-0.02
63705,23.12,1019.43,39.30,-51.30,3.00,-0.48,-10.88,-0.09,-0.06,-0.03
63723,23.12,1019.43,39.30,-51.30,2.92,-0.40,-10.88,-0.09,-0.06,-0.02
63741,23.12,1019.43,39.30,-51.30,2.98,-0.43,-10.92,-0.09,-0.06,-0.03
63762,23.12,1019.43,39.30,-51.30,2.93,-0.48,-10.88,-0.09,-0.06,-0.03
63780,23.13,1019.44,39.46,-51.37,2.96,-0.42,-10.86,-0.10,-0.06,-0.03
63798,23.13,1019.44,39.46,-51.37,2.98,-0.40,-10.91,-0.09,-0.06,-0.02
63816,23.13,1019.44,39.46,-51.37,2.95,-0.45,-10.87,-0.09,-0.06,-0.02
63835,23.13,1019.44,39.46,-51.37,2.95,-0.46,-10.87,-0.09,-0.06,-0.03
63853,23.13,1019.44,39.46,-51.37,2.94,-0.42,-10.89,-0.10,-0.06,-0.02
63870,23.13,1019.43,39.72,-51.29,3.00,-0.44,-10.91,-0.09,-0.06,-0.03
63891,23.13,1019.43,39.72,-51.29,2.94,-0.46,-10.89,-0.09,-0.06,-0.02
63909,23.13,1019.43,39.72,-51.29,2.98,-0.45,-10.88,-0.09,-0.06,-0.02
63928,23.13,1019.43,39.72,-51.29,2.96,-0.46,-10.88,-0.09,-0.06,-0.02
63945,23.13,1019.43,39.72,-51.29,2.95,-0.45,-10.87,-0.10,-0.06,-0.02
63964,23.13,1019.43,39.87,-51.27,2.98,-0.43,-10.89,-0.09,-0.06,-0.02
63982,23.13,1019.42,39.87,-51.27,2.94,-0.42,-10.87,-0.09,-0.06,-0.02
64000,23.13,1019.42,39.87,-51.27,2.95,-0.46,-10.89,-0.09,-0.06,-0.03
64020,23.13,1019.42,39.87,-51.27,2.97,-0.45,-10.89,-0.09,-0.06,-0.03
64038,23.13,1019.42,39.87,-51.27,2.97,-0.44,-10.89,-0.09,-0.06,-0.02
64057,23.13,1019.42,39.87,-51.27,2.94,-0.50,-10.86,-0.09,-0.06,-0.04
64074,23.13,1019.45,40.12,-51.48,2.94,-0.40,-10.89,-0.12,-0.06,-0.03
64093,23.13,1019.45,40.12,-51.48,3.01,-0.42,-10.90,-0.09,-0.05,-0.05
64111,23.13,1019.45,40.12,-51.48,2.95,-0.43,-10.91,-0.10,-0.07,-0.01
64130,23.13,1019.45,40.12,-51.48,2.94,-0.41,-10.85,-0.10,-0.06,-0.03
64147,23.13,1019.45,40.12,-51.48,2.94,-0.43,-10.89,-0.09,-0.06,-0.03
64167,23.13,1019.43,40.21,-51.36,3.01,-0.40,-10.87,-0.10,-0.06,-0.02
64186,23.13,1019.43,40.21,-51.36,2.94,-0.46,-10.89,-0.08,-0.07,-0.02
64204,23.13,1019.43,40.21,-51.36,2.93,-0.39,-10.89,-0.10,-0.06,-0.02
64222,23.13,1019.43,40.21,-51.36,2.96,-0.46,-10.87,-0.08,-0.06,-0.02
64240,23.13,1019.43,40.21,-51.36,2.92,-0.47,-10.87,-0.09,-0.06,-0.02
64259,23.13,1019.44,40.40,-51.39,2.98,-0.38,-10.89,-0.09,-0.06,-0.02
64276,23.13,1019.44,40.40,-51.39,2.98,-0.45,-10.88,-0.08,-0.06,-0.03
64296,23.13,1019.44,40.40,-51.39,2.91,-0.45,-10.88,-0.10,-0.06,-0.02
64315,23.13,1019.44,40.40,-51.39,3.01,-0.40,-10.89,-0.09,-0.06,-0.02
64333,23.13,1019.44,40.40,-51.39,2.92,-0.44,-10.88,-0.08,-0.07,-0.02
64351,23.13,1019.44,40.40,-51.43,2.97,-0.46,-10.90,-0.10,-0.06,-0.03
64369,23.13,1019.44,40.41,-51.43,2.96,-0.39,-10.88,-0.09,-0.06,-0.02
64388,23.13,1019.44,40.41,-51.43,2.94,-0.46,-10.88,-0.08,-0.06,-0.02
64406,23.13,1019.44,40.41,-51.43,2.93,-0.47,-10.85,-0.10,-0.06,-0.02
64425,23.13,1019.44,40.41,-51.43,3.00,-0.38,-10.89,-0.09,-0.06,-0.02
64444,23.13,1019.44,40.41,-51.43,2.97,-0.45,-10.86,-0.09,-0.06,-0.02
64462,23.13,1019.43,40.67,-51.30,2.94,-0.46,-10.88,-0.09,-0.06,-0.03
64481,23.13,1019.43,40.67,-51.30,2.95,-0.42,-10.89,-0.10,-0.06,-0.03
64498,23.13,1019.43,40.67,-51.30,2.97,-0.40,-10.89,-0.09,-0.06,-0.03
64517,23.13,1019.43,40.67,-51.30,2.94,-0.40,-10.89,-0.09,-0.06,-0.03
64535,23.13,1019.43,40.67,-51.30,2.93,-0.43,-10.90,-0.09,-0.06,-0.02
64552,23.12,1019.43,40.78,-51.34,2.98,-0.43,-10.92,-0.09,-0.06,-0.02
64573,23.12,1019.43,40.78,-51.34,2.95,-0.46,-10.89,-0.09,-0.06,-0.02
64591,23.12,1019.43,40.78,-51.34,2.95,-0.41,-10.91,-0.10,-0.06,-0.02
64610,23.12,1019.43,40.78,-51.34,2.98,-0.40,-10.89,-0.09,-0.06,-0.02
64627,23.12,1019.43,40.78,-51.34,2.94,-0.45,-10.89,-0.08,-0.06,-0.02
64646,23.12,1019.45,40.87,-51.52,2.95,-0.44,-10.88,-0.10,-0.06,-0.02
64664,23.12,1019.45,40.87,-51.52,2.96,-0.40,-10.87,-0.09,-0.06,-0.02
64683,23.12,1019.45,40.87,-51.52,2.96,-0.45,-10.90,-0.09,-0.06,-0.03
64710,23.12,1019.45,40.87,-51.52,2.95,-0.45,-10.90,-0.08,-0.07,-0.04
64728,23.12,1019.45,40.87,-51.52,2.94,-0.46,-10.87,-0.12,-0.06,-0.01
64746,23.12,1019.44,40.88,-51.38,3.00,-0.35,-10.87,-0.07,-0.06,-0.05
64764,23.12,1019.44,40.88,-51.38,2.94,-0.52,-10.88,-0.10,-0.07,-0.01
64783,23.12,1019.44,40.88,-51.38,2.92,-0.42,-10.87,-0.09,-0.06,-0.03
64800,23.12,1019.44,40.88,-51.38,2.97,-0.43,-10.89,-0.09,-0.06,-0.02
64819,23.12,1019.44,40.88,-51.38,2.95,-0.45,-10.88,-0.10,-0.06,-0.02
64839,23.12,1019.43,40.94,-51.33,3.02,-0.42,-10.88,-0.08,-0.06,-0.02
64858,23.13,1019.43,40.94,-51.33,2.93,-0.45,-10.90,-0.09,-0.06,-0.02
64875,23.13,1019.43,40.94,-51.33,2.98,-0.44,-10.89,-0.09,-0.06,-0.02
64893,23.13,1019.43,40.94,-51.33,2.94,-0.42,-10.90,-0.09,-0.06,-0.02
64912,23.13,1019.43,40.94,-51.33,2.98,-0.45,-10.89,-0.09,-0.06,-0.02
64929,23.13,1019.43,40.94,-51.33,2.95,-0.39,-10.88,-0.08,-0.06,-0.03
64948,23.13,1019.45,40.94,-51.46,2.94,-0.52,-10.91,-0.10,-0.06,-0.02
64968,23.13,1019.45,40.94,-51.46,2.97,-0.40,-10.90,-0.09,-0.06,-0.03
64987,23.13,1019.45,40.94,-51.46,2.94,-0.45,-10.87,-0.09,-0.07,-0.02
65005,23.13,1019.45,40.94,-51.46,2.95,-0.44,-10.89,-0.10,-0.06,-0.03
65022,23.13,1019.45,40.94,-51.46,2.96,-0.42,-10.88,-0.09,-0.06,-0.03
65041,23.12,1019.41,41.06,-51.19,2.91,-0.46,-10.89,-0.09,-0.06,-0.03
65059,23.12,1019.41,41.06,-51.19,2.97,-0.42,-10.90,-0.09,-0.06,-0.03
65077,23.12,1019.41,41.06,-51.19,2.96,-0.43,-10.91,-0.09,-0.06,-0.03
65095,23.12,1019.41,41.06,-51.19,2.94,-0.45,-10.86,-0.09,-0.06,-0.02
65116,23.12,1019.41,41.06,-51.19,2.95,-0.42,-10.89,-0.09,-0.06,-0.03
65134,23.12,1019.41,41.02,-51.19,2.97,-0.45,-10.90,-0.09,-0.06,-0.02
65152,23.12,1019.41,41.02,-51.19,2.96,-0.43,-10.88,-0.09,-0.06,-0.02
65170,23.12,1019.41,41.02,-51.19,2.96,-0.42,-10.86,-0.09,-0.06,-0.02
65188,23.12,1019.41,41.02,-51.19,2.97,-0.44,-10.87,-0.09,-0.06,-0.02
65207,23.12,1019.41,41.02,-51.19,2.95,-0.43,-10.88,-0.09,-0.06,-0.02
65224,23.12,1019.41,41.10,-51.19,2.95,-0.44,-10.84,-0.09,-0.06,-0.02
65245,23.12,1019.41,41.10,-51.19,2.95,-0.42,-10.89,-0.09,-0.06,-0.02
65263,23.12,1019.41,41.10,-51.19,2.94,-0.44,-10.89,-0.09,-0.06,-0.02
65282,23.12,1019.41,41.10,-51.19,2.96,-0.44,-10.90,-0.09,-0.06,-0.02
65299,23.12,1019.41,41.10,-51.19,2.95,-0.43,-10.89,-0.09,-0.06,-0.02
65317,23.12,1019.41,41.10,-51.19,2.94,-0.44,-10.89,-0.09,-0.06,-0.02
65336,23.13,1019.43,41.04,-51.34,2.96,-0.44,-10.87,-0.09,-0.06,-0.02
65353,23.13,1019.43,41.04,-51.34,2.95,-0.46,-10.89,-0.09,-0.06,-0.02
65374,23.13,1019.43,41.04,-51.34,2.96,-0.45,-10.89,-0.09,-0.06,-0.02
65392,23.13,1019.43,41.04,-51.34,2.96,-0.42,-10.89,-0.09,-0.06,-0.02
65411,23.13,1019.43,41.04,-51.34,2.97,-0.43,-10.88,-0.09,-0.06,-0.02
65428,23.13,1019.43,41.00,-51.31,2.96,-0.45,-10.91,-0.09,-0.06,-0.03
65446,23.13,1019.43,41.00,-51.31,2.96,-0.45,-10.88,-0.09,-0.06,-0.02
65465,23.13,1019.43,41.00,-51.31,2.97,-0.45,-10.91,-0.09,-0.06,-0.02
65483,23.13,1019.43,41.00,-51.31,2.98,-0.45,-10.91,-0.09,-0.06,-0.03
65501,23.13,1019.43,41.00,-51.31,2.96,-0.40,-10.88,-0.09,-0.06,-0.02
65521,23.13,1019.43,41.09,-51.36,2.95,-0.44,-10.89,-0.10,-0.06,-0.02
65540,23.13,1019.43,41.09,-51.36,2.97,-0.40,-10.88,-0.08,-0.06,-0.04
65558,23.13,1019.43,41.09,-51.36,2.96,-0.45,-10.90,-0.10,-0.06,-0.01
65575,23.13,1019.43,41.09,-51.36,2.97,-0.39,-10.90,-0.09,-0.06,-0.02
65594,23.13,1019.43,41.09,-51.36,2.93,-0.48,-10.89,-0.08,-0.06,-0.02
65612,23.13,1019.43,40.98,-51.14,2.96,-0.45,-10.88,-0.10,-0.06,-0.02
65630,23.12,1019.41,40.98,-51.14,3.00,-0.41,-10.90,-0.09,-0.06,-0.02
65650,23.12,1019.41,40.98,-51.14,2.91,-0.47,-10.89,-0.09,-0.06,-0.03
65669,23.12,1019.41,40.98,-51.14,2.97,-0.44,-10.91,-0.10,-0.06,-0.03
65687,23.12,1019.41,40.98,-51.14,2.97,-0.43,-10.88,-0.09,-0.06,-0.03
65704,23.12,1019.41,40.98,-51.14,2.99,-0.43,-10.88,-0.09,-0.06,-0.03
65723,23.13,1019.41,40.96,-51.19,2.98,-0.43,-10.92,-0.09,-0.06,-0.03
65741,23.13,1019.41,40.96,-51.19,2.95,-0.46,-10.89,-0.09,-0.06,-0.02
65760,23.13,1019.41,40.96,-51.19,2.96,-0.45,-10.90,-0.09,-0.06,-0.02
65787,23.13,1019.41,40.96,-51.19,2.95,-0.42,-10.88,-0.09,-0.06,-0.02
65805,23.13,1019.41,40.96,-51.21,2.94,-0.48,-10.86,-0.09,-0.06,-0.03
65823,23.13,1019.42,40.97,-51.21,2.96,-0.38,-10.87,-0.09,-0.06,-0.03
65842,23.13,1019.42,40.97,-51.21,2.99,-0.53,-10.88,-0.09,-0.06,-0.03
65860,23.13,1019.42,40.97,-51.21,2.92,-0.37,-10.86,-0.10,-0.06,-0.02
65878,23.13,1019.42,40.97,-51.21,2.99,-0.45,-10.91,-0.09,-0.06,-0.03
65896,23.13,1019.42,40.97,-51.21,2.95,-0.46,-10.89,-0.09,-0.06,-0.02
65914,23.13,1019.43,40.94,-51.37,2.99,-0.43,-10.87,-0.09,-0.06,-0.02
65935,23.13,1019.43,40.94,-51.37,2.91,-0.47,-10.89,-0.09,-0.06,-0.02
65952,23.13,1019.43,40.94,-51.37,2.98,-0.43,-10.89,-0.09,-0.06,-0.02
65971,23.13,1019.43,40.94,-51.37,2.96,-0.47,-10.88,-0.09,-0.06,-0.02
65989,23.13,1019.43,40.94,-51.37,2.95,-0.40,-10.90,-0.09,-0.06,-0.02
66008,23.13,1019.42,40.92,-51.27,2.95,-0.43,-10.89,-0.09,-0.06,-0.03
66025,23.13,1019.42,40.92,-51.27,2.96,-0.44,-10.93,-0.10,-0.06,-0.02
66043,23.13,1019.42,40.92,-51.27,2.97,-0.43,-10.91,-0.09,-0.06,-0.03
66064,23.13,1019.42,40.92,-51.27,2.93,-0.45,-10.89,-0.09,-0.06,-0.02
66082,23.13,1019.42,40.92,-51.27,2.96,-0.45,-10.89,-0.09,-0.06,-0.03
66100,23.13,1019.43,40.89,-51.37,2.98,-0.42,-10.90,-0.09,-0.06,-0.02
66118,23.13,1019.43,40.89,-51.37,2.94,-0.41,-10.91,-0.09,-0.06,-0.03
66137,23.13,1019.43,40.89,-51.37,2.96,-0.44,-10.88,-0.09,-0.06,-0.03
66155,23.13,1019.43,40.89,-51.37,2.94,-0.42,-10.88,-0.09,-0.06,-0.03
66172,23.13,1019.43,40.89,-51.37,2.97,-0.43,-10.88,-0.10,-0.06,-0.03
66193,23.13,1019.43,40.89,-51.38,2.96,-0.40,-10.88,-0.09,-0.06,-0.03
66211,23.13,1019.44,40.85,-51.38,2.95,-0.43,-10.88,-0.09,-0.06,-0.02
66230,23.13,1019.44,40.85,-51.38,2.95,-0.41,-10.87,-0.09,-0.06,-0.02
66247,23.13,1019.44,40.85,-51.38,2.97,-0.45,-10.90,-0.09,-0.06,-0.02
66266,23.13,1019.44,40.85,-51.38,2.92,-0.43,-10.87,-0.09,-0.06,-0.02
66284,23.13,1019.44,40.85,-51.38,2.97,-0.42,-10.89,-0.09,-0.06,-0.03
66302,23.13,1019.45,40.86,-51.50,2.97,-0.44,-10.89,-0.09,-0.06,-0.03
66320,23.13,1019.45,40.86,-51.50,2.93,-0.48,-10.88,-0.10,-0.06,-0.05
66340,23.13,1019.45,40.86,-51.50,2.96,-0.31,-10.88,-0.10,-0.06,-0.03
66359,23.13,1019.45,40.86,-51.50,3.01,-0.54,-10.90,-0.09,-0.06,-0.03
66376,23.13,1019.45,40.86,-51.50,2.91,-0.36,-10.86,-0.10,-0.06,-0.03
66395,23.12,1019.45,40.94,-51.46,2.97,-0.43,-10.91,-0.10,-0.06,-0.03
66413,23.12,1019.45,40.94,-51.46,2.94,-0.44,-10.90,-0.09,-0.06,-0.03
66432,23.12,1019.45,40.94,-51.46,2.98,-0.40,-10.88,-0.10,-0.06,-0.03
66449,23.12,1019.45,40.94,-51.46,2.94,-0.45,-10.88,-0.10,-0.06,-0.02
66469,23.12,1019.45,40.94,-51.46,2.96,-0.40,-10.89,-0.10,-0.05,-0.02
66488,23.12,1019.44,40.75,-51.41,3.01,-0.37,-10.92,-0.09,-0.06,-0.03
66506,23.13,1019.44,40.75,-51.41,2.92,-0.46,-10.90,-0.09,-0.06,-0.03
66524,23.13,1019.44,40.75,-51.41,2.96,-0.38,-10.87,-0.10,-0.06,-0.02
66542,23.13,1019.44,40.75,-51.41,2.99,-0.42,-10.86,-0.08,-0.06,-0.03
66561,23.13,1019.44,40.75,-51.41,2.96,-0.44,-10.87,-0.09,-0.06,-0.03
66579,23.13,1019.44,40.75,-51.41,2.98,-0.41,-10.91,-0.10,-0.06,-0.03
66598,23.13,1019.43,40.72,-51.30,2.93,-0.43,-10.93,-0.09,-0.06,-0.03
66617,23.13,1019.43,40.72,-51.30,2.98,-0.40,-10.90,-0.09,-0.06,-0.03
66635,23.13,1019.43,40.72,-51.30,2.96,-0.40,-10.89,-0.09,-0.06,-0.02
66653,23.13,1019.43,40.72,-51.30,2.96,-0.42,-10.91,-0.09,-0.06,-0.03
66671,23.13,1019.43,40.72,-51.30,2.93,-0.43,-10.88,-0.09,-0.06,-0.02
66690,23.13,1019.45,40.65,-51.48,2.97,-0.42,-10.90,-0.09,-0.06,-0.02
66708,23.13,1019.45,40.65,-51.48,2.97,-0.40,-10.91,-0.09,-0.06,-0.03
66725,23.13,1019.45,40.65,-51.48,2.94,-0.39,-10.91,-0.09,-0.06,-0.02
66746,23.13,1019.45,40.65,-51.48,2.98,-0.44,-10.89,-0.09,-0.06,-0.03
66764,23.13,1019.45,40.65,-51.48,2.94,-0.42,-10.88,-0.10,-0.06,-0.03
66783,23.12,1019.43,40.59,-51.34,2.98,-0.40,-10.89,-0.09,-0.06,-0.03
66800,23.12,1019.43,40.59,-51.34,2.99,-0.43,-10.88,-0.09,-0.06,-0.02
66819,23.12,1019.43,40.59,-51.34,2.97,-0.42,-10.91,-0.09,-0.06,-0.03
66837,23.12,1019.43,40.59,-51.34,2.93,-0.40,-10.90,-0.09,-0.06,-0.02
66854,23.12,1019.43,40.59,-51.34,2.99,-0.44,-10.91,-0.08,-0.06,-0.03
66883,23.13,1019.44,40.45,-51.37,2.95,-0.36,-10.87,-0.09,-0.06,-0.03
66900,23.13,1019.44,40.45,-51.37,2.96,-0.40,-10.88,-0.09,-0.06,-0.02
66919,23.13,1019.44,40.45,-51.37,2.95,-0.46,-10.87,-0.09,-0.06,-0.03
66937,23.13,1019.44,40.45,-51.37,2.95,-0.36,-10.87,-0.09,-0.06,-0.02
66955,23.13,1019.44,40.45,-51.37,2.97,-0.43,-10.88,-0.09,-0.06,-0.03
66973,23.13,1019.44,40.42,-51.39,2.94,-0.45,-10.90,-0.10,-0.06,-0.03
66992,23.13,1019.44,40.42,-51.39,3.00,-0.38,-10.89,-0.10,-0.06,-0.02
67012,23.13,1019.44,40.42,-51.39,2.95,-0.43,-10.90,-0.08,-0.06,-0.02
67030,23.13,1019.44,40.42,-51.39,3.00,-0.43,-10.90,-0.09,-0.06,-0.03
67048,23.13,1019.44,40.42,-51.39,2.96,-0.39,-10.89,-0.09,-0.06,-0.02
67066,23.13,1019.44,40.42,-51.32,2.97,-0.39,-10.91,-0.09,-0.06,-0.02
67085,23.13,1019.43,40.37,-51.32,2.94,-0.47,-10.86,-0.09,-0.07,-0.03
67102,23.13,1019.43,40.37,-51.32,2.97,-0.40,-10.88,-0.10,-0.06,-0.03
67121,23.13,1019.43,40.37,-51.32,2.98,-0.38,-10.88,-0.08,-0.06,-0.02
67139,23.13,1019.43,40.37,-51.32,2.95,-0.41,-10.87,-0.09,-0.06,-0.02
67160,23.13,1019.43,40.37,-51.32,2.97,-0.39,-10.91,-0.09,-0.06,-0.02
67177,23.13,1019.44,40.27,-51.44,2.97,-0.39,-10.91,-0.09,-0.06,-0.01
67195,23.13,1019.44,40.27,-51.44,2.96,-0.44,-10.90,-0.09,-0.06,-0.03
67214,23.13,1019.44,40.27,-51.44,2.96,-0.42,-10.91,-0.10,-0.06,-0.03
67232,23.13,1019.44,40.27,-51.44,2.98,-0.39,-10.90,-0.09,-0.06,-0.02
67250,23.13,1019.44,40.27,-51.44,2.96,-0.43,-10.91,-0.09,-0.06,-0.02
67268,23.13,1019.44,40.30,-51.45,2.94,-0.41,-10.90,-0.09,-0.06,-0.02
67289,23.13,1019.44,40.30,-51.45,2.98,-0.43,-10.90,-0.09,-0.06,-0.02
67307,23.13,1019.44,40.30,-51.45,2.95,-0.42,-10.89,-0.09,-0.06,-0.02
67324,23.13,1019.44,40.30,-51.45,2.95,-0.44,-10.89,-0.10,-0.06,-0.03
67343,23.13,1019.44,40.30,-51.45,2.97,-0.40,-10.87,-0.09,-0.06,-0.02
67361,23.13,1019.44,40.17,-51.37,2.96,-0.42,-10.87,-0.09,-0.06,-0.02
67379,23.12,1019.43,40.17,-51.37,2.94,-0.41,-10.86,-0.09,-0.06,-0.02
67397,23.12,1019.43,40.17,-51.37,2.99,-0.42,-10.89,-0.09,-0.06,-0.02
67418,23.12,1019.43,40.17,-51.37,2.96,-0.43,-10.89,-0.09,-0.06,-0.02
67436,23.12,1019.43,40.17,-51.37,2.96,-0.41,-10.90,-0.09,-0.06,-0.02
67453,23.12,1019.43,40.17,-51.33,2.97,-0.41,-10.92,-0.09,-0.06,-0.02
67472,23.13,1019.43,40.12,-51.33,2.97,-0.43,-10.89,-0.09,-0.06,-0.02
67490,23.13,1019.43,40.12,-51.33,2.95,-0.45,-10.89,-0.09,-0.06,-0.02
67509,23.13,1019.43,40.12,-51.33,2.95,-0.43,-10.89,-0.09,-0.06,-0.02
67526,23.13,1019.43,40.12,-51.33,2.99,-0.38,-10.88,-0.08,-0.06,-0.02
67547,23.13,1019.43,40.12,-51.33,2.92,-0.45,-10.88,-0.10,-0.06,-0.02
67565,23.12,1019.42,39.98,-51.29,2.98,-0.33,-10.87,-0.08,-0.06,-0.02
67584,23.12,1019.42,39.98,-51.29,2.98,-0.52,-10.87,-0.08,-0.07,-0.01
67601,23.12,1019.42,39.98,-51.29,2.91,-0.36,-10.89,-0.10,-0.06,-0.02
67619,23.12,1019.42,39.98,-51.29,3.00,-0.46,-10.92,-0.08,-0.06,-0.03
67638,23.12,1019.42,39.98,-51.29,2.91,-0.43,-10.88,-0.09,-0.06,-0.02
67656,23.12,1019.43,39.92,-51.32,2.99,-0.42,-10.90,-0.09,-0.06,-0.03
67674,23.12,1019.43,39.92,-51.32,2.94,-0.39,-10.91,-0.09,-0.06,-0.02
67694,23.12,1019.43,39.92,-51.32,3.01,-0.49,-10.88,-0.08,-0.06,-0.02
67713,23.12,1019.43,39.92,-51.32,2.91,-0.40,-10.91,-0.10,-0.06,-0.01
67731,23.12,1019.43,39.92,-51.32,2.98,-0.45,-10.88,-0.08,-0.06,-0.03
67748,23.12,1019.42,39.91,-51.31,2.95,-0.40,-10.86,-0.09,-0.06,-0.01
67767,23.13,1019.43,39.91,-51.31,2.94,-0.49,-10.91,-0.09,-0.06,-0.03
67785,23.13,1019.43,39.91,-51.31,2.93,-0.39,-10.91,-0.09,-0.06,-0.02
67804,23.13,1019.43,39.91,-51.31,2.98,-0.44,-10.91,-0.09,-0.06,-0.03
67823,23.13,1019.43,39.91,-51.31,2.95,-0.41,-10.91,-0.09,-0.06,-0.02
67842,23.13,1019.43,39.91,-51.52,2.97,-0.36,-10.89,-0.08,-0.06,-0.01
67860,23.13,1019.45,39.81,-51.52,2.97,-0.53,-10.88,-0.07,-0.07,-0.03
67878,23.13,1019.45,39.81,-51.52,2.91,-0.37,-10.88,-0.10,-0.06,-0.02
67896,23.13,1019.45,39.81,-51.52,3.00,-0.47,-10.89,-0.08,-0.06,-0.03
67914,23.13,1019.45,39.81,-51.52,2.96,-0.44,-10.89,-0.09,-0.06,-0.01
67933,23.13,1019.45,39.81,-51.52,2.96,-0.41,-10.89,-0.09,-0.06,-0.02
67961,23.13,1019.43,39.84,-51.30,2.94,-0.46,-10.88,-0.09,-0.06,-0.02
67980,23.13,1019.43,39.84,-51.30,2.99,-0.41,-10.88,-0.09,-0.06,-0.02
67998,23.13,1019.43,39.84,-51.30,2.93,-0.43,-10.88,-0.09,-0.06,-0.02
68017,23.13,1019.43,39.84,-51.30,2.97,-0.42,-10.87,-0.09,-0.06,-0.03
68034,23.13,1019.43,39.84,-51.30,2.95,-0.44,-10.88,-0.09,-0.06,-0.02
68052,23.13,1019.43,39.80,-51.32,2.99,-0.40,-10.91,-0.08,-0.06,-0.03
68071,23.13,1019.43,39.80,-51.32,2.93,-0.46,-10.88,-0.10,-0.06,-0.02
68089,23.13,1019.43,39.80,-51.32,2.98,-0.36,-10.90,-0.07,-0.06,-0.03
68110,23.13,1019.43,39.80,-51.32,2.94,-0.46,-10.85,-0.10,-0.06,-0.02
68127,23.13,1019.43,39.80,-51.32,2.95,-0.42,-10.91,-0.09,-0.06,-0.03
68146,23.13,1019.43,39.69,-51.29,2.97,-0.45,-10.90,-0.09,-0.06,-0.02
68164,23.13,1019.43,39.69,-51.29,2.96,-0.42,-10.91,-0.09,-0.06,-0.03
68183,23.13,1019.43,39.69,-51.29,2.99,-0.42,-10.90,-0.09,-0.06,-0.03
68200,23.13,1019.43,39.69,-51.29,2.94,-0.42,-10.90,-0.09,-0.06,-0.02
68218,23.13,1019.43,39.69,-51.29,2.98,-0.42,-10.92,-0.09,-0.06,-0.02
68239,23.13,1019.46,39.78,-51.55,2.97,-0.43,-10.87,-0.09,-0.06,-0.02
68257,23.13,1019.46,39.78,-51.55,2.98,-0.42,-10.87,-0.09,-0.06,-0.02
68275,23.13,1019.46,39.78,-51.55,2.95,-0.48,-10.89,-0.10,-0.06,-0.02
68293,23.13,1019.46,39.78,-51.55,2.94,-0.37,-10.89,-0.08,-0.06,-0.03
68312,23.13,1019.46,39.78,-51.55,2.96,-0.49,-10.88,-0.09,-0.07,-0.02
68329,23.13,1019.46,39.69,-51.27,2.93,-0.41,-10.89,-0.10,-0.06,-0.02
68347,23.13,1019.42,39.69,-51.27,2.99,-0.42,-10.90,-0.09,-0.06,-0.03
68368,23.13,1019.42,39.69,-51.27,2.95,-0.44,-10.89,-0.09,-0.06,-0.02
68386,23.13,1019.42,39.69,-51.27,2.96,-0.43,-10.89,-0.09,-0.06,-0.02
68405,23.13,1019.42,39.69,-51.27,2.97,-0.46,-10.86,-0.09,-0.07,-0.03
68422,23.13,1019.42,39.69,-51.27,2.94,-0.40,-10.86,-0.11,-0.06,-0.02
68441,23.13,1019.42,39.51,-51.27,3.02,-0.43,-10.89,-0.07,-0.06,-0.04
68459,23.13,1019.42,39.51,-51.27,2.92,-0.49,-10.86,-0.10,-0.07,-0.02
68476,23.13,1019.42,39.51,-51.27,2.97,-0.39,-10.88,-0.10,-0.06,-0.02
68495,23.13,1019.42,39.51,-51.27,2.99,-0.40,-10.89,-0.08,-0.06,-0.02
68515,23.13,1019.42,39.51,-51.27,2.94,-0.50,-10.87,-0.10,-0.06,-0.03
68534,23.13,1019.44,39.56,-51.40,2.96,-0.41,-10.88,-0.09,-0.06,-0.02
68551,23.13,1019.44,39.56,-51.40,2.95,-0.46,-10.88,-0.09,-0.06,-0.03
68570,23.13,1019.44,39.56,-51.40,2.99,-0.42,-10.90,-0.09,-0.06,-0.02
68588,23.13,1019.44,39.56,-51.40,3.00,-0.40,-10.90,-0.09,-0.06,-0.02
68606,23.13,1019.44,39.56,-51.40,2.95,-0.45,-10.92,-0.09,-0.06,-0.02
68624,23.13,1019.43,39.46,-51.34,2.98,-0.42,-10.91,-0.09,-0.06,-0.03
68644,23.13,1019.43,39.46,-51.34,2.96,-0.47,-10.89,-0.09,-0.06,-0.02
68663,23.13,1019.43,39.46,-51.34,2.97,-0.43,-10.90,-0.09,-0.06,-0.02
68681,23.13,1019.43,39.46,-51.34,2.94,-0.44,-10.87,-0.09,-0.06,-0.02
68699,23.13,1019.43,39.46,-51.34,2.94,-0.45,-10.89,-0.09,-0.06,-0.02
68717,23.13,1019.43,39.28,-51.15,2.96,-0.44,-10.89,-0.09,-0.06,-0.02
68736,23.13,1019.41,39.28,-51.15,2.97,-0.44,-10.89,-0.09,-0.06,-0.02
68753,23.13,1019.41,39.28,-51.15,2.97,-0.42,-10.88,-0.09,-0.06,-0.02
68773,23.13,1019.41,39.28,-51.15,2.94,-0.45,-10.91,-0.09,-0.06,-0.03
68792,23.13,1019.41,39.28,-51.15,2.95,-0.44,-10.90,-0.09,-0.06,-0.02
68810,23.13,1019.41,39.28,-51.15,2.96,-0.44,-10.89,-0.09,-0.06,-0.02
68829,23.13,1019.43,39.42,-51.29,2.93,-0.43,-10.88,-0.09,-0.06,-0.03
68846,23.13,1019.43,39.42,-51.29,2.97,-0.43,-10.89,-0.09,-0.06,-0.03
68865,23.13,1019.43,39.42,-51.29,2.95,-0.45,-10.88,-0.09,-0.06,-0.02
68883,23.13,1019.43,39.42,-51.29,2.96,-0.45,-10.91,-0.09,-0.06,-0.02
68900,23.13,1019.43,39.42,-51.29,2.95,-0.45,-10.88,-0.09,-0.06,-0.03
68921,23.12,1019.42,39.32,-51.27,2.97,-0.39,-10.88,-0.09,-0.06,-0.01
68939,23.12,1019.42,39.32,-51.27,2.94,-0.52,-10.93,-0.08,-0.07,-0.02
68958,23.12,1019.42,39.32,-51.27,2.89,-0.37,-10.88,-0.10,-0.06,-0.02
68975,23.12,1019.42,39.32,-51.27,3.01,-0.49,-10.90,-0.08,-0.06,-0.03
68994,23.12,1019.42,39.32,-51.27,2.95,-0.45,-10.88,-0.10,-0.07,-0.02
69012,23.12,1019.41,39.20,-51.15,2.95,-0.43,-10.92,-0.09,-0.06,-0.03
69030,23.13,1019.41,39.20,-51.15,2.95,-0.46,-10.89,-0.09,-0.06,-0.02
69058,23.13,1019.41,39.20,-51.15,2.96,-0.45,-10.88,-0.09,-0.06,-0.03
69075,23.13,1019.41,39.20,-51.15,2.94,-0.44,-10.91,-0.10,-0.06,-0.02
69094,23.13,1019.41,39.20,-51.15,2.97,-0.41,-10.88,-0.09,-0.06,-0.03
69112,23.13,1019.43,39.22,-51.30,2.95,-0.44,-10.91,-0.09,-0.06,-0.03
69131,23.13,1019.43,39.22,-51.30,2.97,-0.46,-10.88,-0.09,-0.06,-0.03
69148,23.13,1019.43,39.22,-51.30,2.99,-0.41,-10.93,-0.09,-0.06,-0.02
69167,23.13,1019.43,39.22,-51.30,2.96,-0.43,-10.88,-0.09,-0.06,-0.02
69187,23.13,1019.43,39.22,-51.30,3.00,-0.43,-10.90,-0.09,-0.06,-0.02
69206,23.13,1019.44,39.19,-51.45,2.94,-0.42,-10.91,-0.09,-0.06,-0.02
69223,23.13,1019.44,39.19,-51.45,2.95,-0.44,-10.86,-0.09,-0.06,-0.02
69241,23.13,1019.44,39.19,-51.45,2.97,-0.45,-10.89,-0.09,-0.06,-0.03
69260,23.13,1019.44,39.19,-51.45,2.98,-0.44,-10.92,-0.10,-0.06,-0.03
69278,23.13,1019.44,39.19,-51.45,2.95,-0.41,-10.89,-0.09,-0.06,-0.02
69296,23.13,1019.44,39.19,-51.45,2.95,-0.44,-10.89,-0.09,-0.06,-0.03
69314,23.13,1019.43,39.23,-51.33,2.96,-0.42,-10.88,-0.09,-0.06,-0.02
69335,23.13,1019.43,39.23,-51.33,3.00,-0.42,-10.90,-0.09,-0.06,-0.02
69353,23.13,1019.43,39.23,-51.33,2.91,-0.44,-10.88,-0.09,-0.06,-0.02
69370,23.13,1019.43,39.23,-51.33,2.99,-0.43,-10.88,-0.09,-0.06,-0.03
69389,23.13,1019.43,39.23,-51.33,2.96,-0.44,-10.92,-0.09,-0.06,-0.02
69407,23.13,1019.43,39.15,-51.34,2.95,-0.45,-10.90,-0.09,-0.06,-0.03
69425,23.13,1019.43,39.15,-51.34,2.97,-0.42,-10.91,-0.09,-0.06,-0.02
69443,23.13,1019.43,39.15,-51.34,2.98,-0.44,-10.89,-0.09,-0.06,-0.03
69464,23.13,1019.43,39.15,-51.34,2.90,-0.49,-10.88,-0.09,-0.07,-0.02
69482,23.13,1019.43,39.15,-51.34,2.96,-0.43,-10.88,-0.10,-0.06,-0.03
69499,23.13,1019.43,39.06,-51.34,2.96,-0.39,-10.88,-0.09,-0.06,-0.02
69518,23.13,1019.43,39.06,-51.34,2.98,-0.44,-10.90,-0.09,-0.06,-0.03
69536,23.13,1019.43,39.06,-51.34,2.94,-0.46,-10.90,-0.09,-0.06,-0.02
69555,23.13,1019.43,39.06,-51.34,2.98,-0.44,-10.89,-0.09,-0.06,-0.03
69572,23.13,1019.43,39.06,-51.34,2.98,-0.40,-10.87,-0.09,-0.06,-0.02
69593,23.13,1019.43,39.11,-51.36,2.94,-0.44,-10.88,-0.09,-0.06,-0.03
69611,23.13,1019.43,39.11,-51.36,2.97,-0.45,-10.88,-0.09,-0.06,-0.02
69629,23.13,1019.43,39.11,-51.36,2.94,-0.44,-10.89,-0.09,-0.06,-0.02
69647,23.13,1019.43,39.11,-51.36,2.97,-0.45,-10.87,-0.09,-0.06,-0.02
69665,23.13,1019.43,39.11,-51.36,2.97,-0.45,-10.89,-0.10,-0.06,-0.03
69684,23.13,1019.43,39.11,-51.36,2.98,-0.40,-10.90,-0.10,-0.06,-0.02
69702,23.13,1019.44,39.08,-51.38,2.99,-0.43,-10.89,-0.08,-0.06,-0.02
69722,23.13,1019.44,39.08,-51.38,2.91,-0.47,-10.88,-0.09,-0.06,-0.02
69740,23.13,1019.44,39.08,-51.38,2.99,-0.42,-10.90,-0.10,-0.06,-0.02
69758,23.13,1019.44,39.08,-51.38,2.97,-0.42,-10.91,-0.09,-0.06,-0.02
69777,23.13,1019.44,39.08,-51.38,2.93,-0.47,-10.86,-0.09,-0.06,-0.03
69794,23.13,1019.43,39.02,-51.37,2.98,-0.43,-10.87,-0.09,-0.06,-0.02
69813,23.13,1019.43,39.02,-51.37,2.96,-0.41,-10.91,-0.09,-0.06,-0.02
69831,23.13,1019.43,39.02,-51.37,2.94,-0.44,-10.92,-0.09,-0.06,-0.02
69849,23.13,1019.43,39.02,-51.37,2.96,-0.44,-10.88,-0.09,-0.06,-0.03
69869,23.13,1019.43,39.02,-51.37,2.96,-0.45,-10.88,-0.09,-0.06,-0.02
69888,23.13,1019.42,38.97,-51.29,2.95,-0.44,-10.88,-0.09,-0.06,-0.03
69906,23.13,1019.42,38.97,-51.29,2.98,-0.42,-10.90,-0.09,-0.06,-0.03
69923,23.13,1019.42,38.97,-51.29,2.97,-0.44,-10.91,-0.09,-0.06,-0.03
69942,23.13,1019.42,38.97,-51.29,2.94,-0.45,-10.89,-0.09,-0.06,-0.02
69960,23.13,1019.42,38.97,-51.29,2.96,-0.43,-10.90,-0.09,-0.06,-0.02
69979,23.13,1019.42,38.96,-51.38,2.98,-0.41,-10.90,-0.09,-0.06,-0.02
69998,23.13,1019.44,38.96,-51.38,2.95,-0.45,-10.85,-0.09,-0.06,-0.03
70017,23.13,1019.44,38.96,-51.38,2.96,-0.46,-10.89,-0.10,-0.06,-0.03
70035,23.13,1019.44,38.96,-51.38,2.97,-0.36,-10.92,-0.09,-0.06,-0.02
70053,23.13,1019.44,38.96,-51.38,2.96,-0.48,-10.90,-0.08,-0.07,-0.03
70071,23.13,1019.44,38.96,-51.38,2.89,-0.38,-10.87,-0.10,-0.06,-0.02
70089,23.13,1019.42,38.95,-51.21,3.06,-0.45,-10.90,-0.08,-0.06,-0.02
70108,23.13,1019.42,38.95,-51.21,2.90,-0.46,-10.87,-0.09,-0.07,-0.02
70135,23.13,1019.42,38.95,-51.21,2.97,-0.40,-10.90,-0.08,-0.06,-0.02
70154,23.13,1019.42,38.95,-51.21,2.94,-0.45,-10.87,-0.08,-0.07,-0.02
70171,23.13,1019.42,38.95,-51.41,2.94,-0.48,-10.84,-0.09,-0.06,-0.03
70190,23.13,1019.44,38.86,-51.41,3.01,-0.41,-10.90,-0.10,-0.06,-0.02
70208,23.13,1019.44,38.86,-51.41,2.92,-0.43,-10.87,-0.09,-0.06,-0.03
70226,23.13,1019.44,38.86,-51.41,2.98,-0.45,-10.86,-0.09,-0.06,-0.03
70244,23.13,1019.44,38.86,-51.41,2.95,-0.44,-10.88,-0.10,-0.06,-0.03
70262,23.13,1019.44,38.86,-51.41,2.98,-0.42,-10.89,-0.09,-0.06,-0.02
70283,23.13,1019.44,38.83,-51.39,2.93,-0.40,-10.90,-0.09,-0.06,-0.03
70301,23.13,1019.44,38.83,-51.39,2.99,-0.45,-10.90,-0.09,-0.06,-0.02
70319,23.13,1019.44,38.83,-51.39,2.91,-0.45,-10.92,-0.09,-0.06,-0.02
70337,23.13,1019.44,38.83,-51.39,2.99,-0.43,-10.88,-0.09,-0.06,-0.02
70355,23.13,1019.44,38.83,-51.39,2.94,-0.42,-10.90,-0.09,-0.06,-0.02
70373,23.13,1019.43,38.91,-51.34,2.97,-0.45,-10.92,-0.09,-0.06,-0.02
70391,23.13,1019.43,38.91,-51.34,2.93,-0.43,-10.87,-0.09,-0.06,-0.02
70412,23.13,1019.43,38.91,-51.34,2.99,-0.43,-10.92,-0.10,-0.06,-0.03
70430,23.13,1019.43,38.91,-51.34,2.96,-0.42,-10.92,-0.09,-0.06,-0.02
70448,23.13,1019.43,38.91,-51.34,2.96,-0.45,-10.90,-0.09,-0.06,-0.02
70466,23.13,1019.44,38.86,-51.30,2.95,-0.44,-10.89,-0.09,-0.06,-0.02
70484,23.13,1019.43,38.86,-51.30,2.96,-0.44,-10.89,-0.09,-0.06,-0.02
70503,23.13,1019.43,38.86,-51.30,2.95,-0.42,-10.89,-0.09,-0.06,-0.03
70520,23.13,1019.43,38.86,-51.30,2.98,-0.44,-10.88,-0.09,-0.06,-0.03
70541,23.13,1019.43,38.86,-51.30,2.94,-0.43,-10.89,-0.09,-0.06,-0.03
70559,23.13,1019.43,38.86,-51.46,2.98,-0.43,-10.90,-0.09,-0.06,-0.03
70578,23.13,1019.45,38.81,-51.46,2.95,-0.44,-10.88,-0.09,-0.06,-0.03
70595,23.13,1019.45,38.81,-51.46,2.98,-0.42,-10.89,-0.09,-0.06,-0.02
70614,23.13,1019.45,38.81,-51.46,2.94,-0.43,-10.89,-0.09,-0.06,-0.02
70632,23.13,1019.45,38.81,-51.46,2.96,-0.45,-10.92,-0.09,-0.06,-0.02
70649,23.13,1019.45,38.81,-51.46,2.98,-0.42,-10.88,-0.09,-0.06,-0.02
70668,23.13,1019.41,38.77,-51.20,2.97,-0.42,-10.87,-0.09,-0.06,-0.02
70688,23.13,1019.41,38.77,-51.20,2.97,-0.44,-10.90,-0.09,-0.06,-0.02
70707,23.13,1019.41,38.77,-51.20,2.96,-0.44,-10.90,-0.09,-0.06,-0.02
70724,23.13,1019.41,38.77,-51.20,2.94,-0.45,-10.88,-0.09,-0.06,-0.02
70743,23.13,1019.41,38.77,-51.20,2.96,-0.44,-10.90,-0.09,-0.06,-0.02
70761,23.14,1019.43,38.76,-51.30,2.97,-0.43,-10.90,-0.09,-0.06,-0.02
70779,23.14,1019.43,38.76,-51.30,2.94,-0.45,-10.87,-0.09,-0.06,-0.02
70797,23.14,1019.43,38.76,-51.30,2.97,-0.43,-10.87,-0.09,-0.06,-0.02
70817,23.14,1019.43,38.76,-51.30,2.94,-0.45,-10.88,-0.09,-0.06,-0.02
70836,23.14,1019.43,38.76,-51.30,2.97,-0.43,-10.85,-0.09,-0.06,-0.03
70854,23.14,1019.43,38.79,-51.30,2.98,-0.44,-10.87,-0.09,-0.06,-0.03
70872,23.13,1019.43,38.79,-51.30,2.96,-0.44,-10.91,-0.09,-0.06,-0.02
70890,23.13,1019.43,38.79,-51.30,2.94,-0.45,-10.89,-0.09,-0.06,-0.02
70908,23.13,1019.43,38.79,-51.30,2.96,-0.43,-10.88,-0.09,-0.06,-0.02
70927,23.13,1019.43,38.79,-51.30,2.97,-0.46,-10.91,-0.09,-0.06,-0.02
70946,23.13,1019.43,38.79,-51.25,2.97,-0.43,-10.87,-0.09,-0.06,-0.02
70965,23.14,1019.42,38.71,-51.25,2.97,-0.44,-10.90,-0.09,-0.06,-0.02
70983,23.14,1019.42,38.71,-51.25,2.96,-0.44,-10.87,-0.09,-0.06,-0.02
71002,23.14,1019.42,38.71,-51.25,2.97,-0.45,-10.89,-0.09,-0.06,-0.02
71019,23.14,1019.42,38.71,-51.25,2.99,-0.44,-10.87,-0.09,-0.06,-0.02
71037,23.14,1019.42,38.71,-51.25,2.95,-0.44,-10.87,-0.09,-0.06,-0.02
71056,23.14,1019.42,38.77,-51.21,2.96,-0.46,-10.88,-0.09,-0.06,-0.03
71073,23.14,1019.42,38.77,-51.21,2.96,-0.45,-10.90,-0.09,-0.06,-0.02
71094,23.14,1019.42,38.77,-51.21,2.97,-0.44,-10.86,-0.09,-0.06,-0.03
71112,23.14,1019.42,38.77,-51.21,2.95,-0.45,-10.89,-0.09,-0.06,-0.02
71131,23.14,1019.42,38.77,-51.21,2.97,-0.43,-10.87,-0.09,-0.06,-0.03
71149,23.13,1019.43,38.78,-51.29,2.94,-0.43,-10.90,-0.09,-0.06,-0.02
71166,23.13,1019.43,38.78,-51.29,2.95,-0.44,-10.89,-0.09,-0.06,-0.03
71185,23.13,1019.43,38.78,-51.29,2.96,-0.44,-10.86,-0.09,-0.06,-0.03
71203,23.13,1019.43,38.78,-51.29,2.97,-0.45,-10.89,-0.09,-0.06,-0.02
71231,23.13,1019.43,38.78,-51.29,2.96,-0.45,-10.91,-0.09,-0.06,-0.02
71248,23.13,1019.42,38.67,-51.28,3.00,-0.44,-10.88,-0.09,-0.06,-0.02
71267,23.13,1019.42,38.67,-51.28,2.96,-0.43,-10.90,-0.09,-0.06,-0.02
71285,23.13,1019.42,38.67,-51.28,2.96,-0.45,-10.88,-0.09,-0.06,-0.02
71304,23.13,1019.42,38.67,-51.28,2.98,-0.46,-10.90,-0.09,-0.06,-0.02
71321,23.13,1019.42,38.67,-51.28,2.99,-0.41,-10.91,-0.09,-0.06,-0.02
71340,23.13,1019.41,38.76,-51.24,2.94,-0.45,-10.89,-0.09,-0.06,-0.02
71406,23.14,1019.42,38.76,-51.24,2.94,-0.42,-10.85,-0.09,-0.06,-0.02
71425,23.14,1019.42,38.76,-51.24,2.96,-0.46,-10.86,-0.09,-0.06,-0.02
71443,23.14,1019.45,38.62,-51.46,2.93,-0.45,-10.86,-0.09,-0.06,-0.02
71460,23.14,1019.45,38.62,-51.46,2.96,-0.45,-10.88,-0.09,-0.06,-0.02
71479,23.14,1019.45,38.62,-51.46,2.95,-0.44,-10.86,-0.09,-0.06,-0.02
71497,23.14,1019.45,38.62,-51.46,2.96,-0.44,-10.87,-0.09,-0.06,-0.02
71516,23.14,1019.45,38.62,-51.46,2.95,-0.45,-10.89,-0.09,-0.06,-0.03
71533,23.13,1019.45,38.73,-51.46,2.96,-0.45,-10.90,-0.09,-0.06,-0.02
71554,23.13,1019.45,38.73,-51.46,2.94,-0.42,-10.91,-0.09,-0.06,-0.02
71572,23.13,1019.45,38.73,-51.46,2.95,-0.43,-10.89,-0.09,-0.06,-0.03
71590,23.13,1019.45,38.73,-51.46,2.97,-0.44,-10.89,-0.09,-0.06,-0.02
71608,23.13,1019.45,38.73,-51.46,2.95,-0.46,-10.90,-0.09,-0.06,-0.02
71626,23.13,1019.45,38.73,-51.32,2.95,-0.43,-10.88,-0.09,-0.06,-0.02
71645,23.13,1019.43,38.60,-51.32,2.96,-0.42,-10.89,-0.09,-0.06,-0.03
71663,23.13,1019.43,38.60,-51.32,2.98,-0.44,-10.88,-0.09,-0.06,-0.02
71683,23.13,1019.43,38.60,-51.32,2.96,-0.46,-10.88,-0.09,-0.06,-0.03
71701,23.13,1019.43,38.60,-51.32,2.96,-0.43,-10.91,-0.09,-0.06,-0.03
71719,23.13,1019.43,38.60,-51.32,2.95,-0.44,-10.89,-0.09,-0.06,-0.02
71738,23.13,1019.43,38.73,-51.32,2.97,-0.45,-10.89,-0.09,-0.06,-0.03
71755,23.13,1019.43,38.73,-51.32,2.97,-0.45,-10.88,-0.09,-0.06,-0.02
71774,23.13,1019.43,38.73,-51.32,2.94,-0.44,-10.88,-0.09,-0.06,-0.02
71792,23.13,1019.43,38.73,-51.32,2.97,-0.45,-10.90,-0.09,-0.06,-0.03
71813,23.13,1019.43,38.73,-51.32,2.96,-0.47,-10.90,-0.09,-0.06,-0.02
71830,23.13,1019.41,38.63,-51.19,2.96,-0.43,-10.91,-0.09,-0.06,-0.02
71848,23.13,1019.41,38.63,-51.19,2.95,-0.45,-10.89,-0.09,-0.06,-0.02
71867,23.13,1019.41,38.63,-51.19,2.96,-0.44,-10.91,-0.09,-0.06,-0.03
71884,23.13,1019.41,38.63,-51.19,2.96,-0.43,-10.87,-0.09,-0.06,-0.02
71903,23.13,1019.41,38.63,-51.19,2.97,-0.45,-10.89,-0.09,-0.06,-0.02
71921,23.13,1019.45,38.60,-51.56,2.94,-0.43,-10.90,-0.09,-0.06,-0.02
71940,23.13,1019.46,38.60,-51.56,2.94,-0.42,-10.88,-0.09,-0.06,-0.02
71959,23.13,1019.46,38.60,-51.56,2.95,-0.45,-10.89,-0.09,-0.06,-0.02
71977,23.13,1019.46,38.60,-51.56,2.95,-0.43,-10.90,-0.09,-0.06,-0.02
71996,23.13,1019.46,38.60,-51.56,2.93,-0.46,-10.90,-0.09,-0.06,-0.02
72014,23.13,1019.46,38.60,-51.47,2.95,-0.45,-10.92,-0.09,-0.06,-0.02
72032,23.13,1019.45,38.60,-51.47,2.96,-0.42,-10.86,-0.09,-0.06,-0.02
72050,23.13,1019.45,38.60,-51.47,2.95,-0.42,-10.89,-0.09,-0.06,-0.02
72069,23.13,1019.45,38.60,-51.47,2.97,-0.45,-10.88,-0.09,-0.06,-0.02
72089,23.13,1019.45,38.60,-51.47,2.96,-0.45,-10.88,-0.09,-0.06,-0.02
72107,23.13,1019.45,38.60,-51.47,2.97,-0.46,-10.90,-0.09,-0.06,-0.02
72125,23.13,1019.44,38.51,-51.45,2.96,-0.46,-10.91,-0.09,-0.06,-0.02
72143,23.13,1019.44,38.51,-51.45,2.96,-0.43,-10.92,-0.09,-0.06,-0.02
72162,23.13,1019.44,38.51,-51.45,2.95,-0.45,-10.89,-0.09,-0.06,-0.02
72179,23.13,1019.44,38.51,-51.45,2.97,-0.44,-10.87,-0.09,-0.06,-0.02
72198,23.13,1019.44,38.51,-51.45,2.99,-0.44,-10.87,-0.09,-0.06,-0.02
72218,23.13,1019.43,38.60,-51.31,2.95,-0.45,-10.87,-0.09,-0.06,-0.02
72237,23.13,1019.43,38.60,-51.31,2.95,-0.45,-10.91,-0.09,-0.06,-0.03
72254,23.13,1019.43,38.60,-51.31,2.97,-0.41,-10.90,-0.09,-0.06,-0.03
72272,23.13,1019.43,38.60,-51.31,2.95,-0.44,-10.88,-0.09,-0.06,-0.03
72291,23.13,1019.43,38.60,-51.31,2.98,-0.44,-10.90,-0.09,-0.06,-0.03
72308,23.13,1019.43,38.52,-51.31,2.96,-0.43,-10.87,-0.09,-0.06,-0.03
72327,23.13,1019.43,38.52,-51.31,2.95,-0.44,-10.90,-0.09,-0.06,-0.03
72354,23.13,1019.43,38.52,-51.31,2.98,-0.43,-10.87,-0.09,-0.06,-0.02
72373,23.13,1019.43,38.52,-51.31,2.97,-0.45,-10.87,-0.09,-0.06,-0.02
72391,23.13,1019.43,38.52,-51.31,2.96,-0.44,-10.88,-0.09,-0.06,-0.02
72410,23.13,1019.41,38.63,-51.20,2.96,-0.44,-10.89,-0.09,-0.06,-0.02
72427,23.13,1019.41,38.63,-51.20,2.96,-0.45,-10.86,-0.09,-0.06,-0.02
72445,23.13,1019.41,38.63,-51.20,2.94,-0.46,-10.91,-0.09,-0.06,-0.02
72464,23.13,1019.41,38.63,-51.20,2.96,-0.46,-10.87,-0.09,-0.06,-0.02
72482,23.13,1019.41,38.63,-51.20,2.94,-0.41,-10.90,-0.09,-0.06,-0.02
72503,23.13,1019.41,38.55,-51.23,2.97,-0.45,-10.90,-0.09,-0.06,-0.02
72520,23.13,1019.42,38.55,-51.23,2.93,-0.44,-10.86,-0.09,-0.06,-0.02
72539,23.13,1019.42,38.55,-51.23,2.94,-0.43,-10.90,-0.09,-0.06,-0.02
72557,23.13,1019.42,38.55,-51.23,2.99,-0.43,-10.88,-0.09,-0.06,-0.02
72576,23.13,1019.42,38.55,-51.23,3.01,-0.44,-10.88,-0.09,-0.06,-0.02
72593,23.13,1019.42,38.55,-51.23,2.94,-0.43,-10.86,-0.09,-0.06,-0.02
72611,23.13,1019.42,38.63,-51.25,2.96,-0.44,-10.88,-0.09,-0.06,-0.02
72632,23.13,1019.42,38.63,-51.25,2.98,-0.46,-10.88,-0.09,-0.06,-0.02
72650,23.13,1019.42,38.63,-51.25,2.94,-0.44,-10.86,-0.09,-0.06,-0.02
72668,23.13,1019.42,38.63,-51.25,2.93,-0.49,-10.89,-0.10,-0.06,-0.04
72686,23.13,1019.42,38.63,-51.25,2.97,-0.32,-10.86,-0.11,-0.06,-0.03
72705,23.13,1019.41,38.56,-51.16,3.04,-0.58,-10.87,-0.08,-0.07,-0.03
72723,23.13,1019.41,38.56,-51.16,2.87,-0.34,-10.86,-0.11,-0.06,-0.02
72740,23.13,1019.41,38.56,-51.16,3.02,-0.42,-10.87,-0.09,-0.06,-0.03
72761,23.13,1019.41,38.56,-51.16,2.93,-0.46,-10.88,-0.09,-0.06,-0.03
72779,23.13,1019.41,38.56,-51.16,3.01,-0.41,-10.91,-0.10,-0.06,-0.03
72798,23.13,1019.44,38.59,-51.41,2.95,-0.45,-10.89,-0.09,-0.06,-0.02
72815,23.13,1019.44,38.59,-51.41,2.96,-0.44,-10.89,-0.09,-0.06,-0.03
72834,23.13,1019.44,38.59,-51.41,3.00,-0.47,-10.91,-0.09,-0.06,-0.02
72852,23.13,1019.44,38.59,-51.41,2.94,-0.45,-10.86,-0.09,-0.06,-0.02
72870,23.13,1019.44,38.59,-51.41,2.97,-0.47,-10.90,-0.08,-0.06,-0.03
72888,23.13,1019.44,38.64,-51.41,2.92,-0.41,-10.86,-0.10,-0.06,-0.02
72908,23.13,1019.44,38.64,-51.41,3.03,-0.47,-10.92,-0.08,-0.06,-0.03
72927,23.13,1019.44,38.64,-51.41,2.93,-0.46,-10.89,-0.10,-0.07,-0.02
72945,23.13,1019.44,38.64,-51.41,2.96,-0.40,-10.89,-0.09,-0.06,-0.02
72963,23.13,1019.44,38.64,-51.41,2.95,-0.46,-10.88,-0.08,-0.06,-0.03
72981,23.13,1019.44,38.64,-51.41,2.95,-0.43,-10.88,-0.09,-0.06,-0.02
72999,23.14,1019.42,38.79,-51.23,2.98,-0.44,-10.89,-0.09,-0.06,-0.02
73017,23.14,1019.42,38.79,-51.23,2.96,-0.44,-10.89,-0.09,-0.06,-0.03
73037,23.14,1019.42,38.79,-51.23,2.97,-0.45,-10.89,-0.09,-0.06,-0.02
73056,23.14,1019.42,38.79,-51.23,2.97,-0.43,-10.89,-0.09,-0.06,-0.02
73074,23.14,1019.42,38.79,-51.23,2.97,-0.44,-10.90,-0.09,-0.06,-0.02
73093,23.13,1019.43,38.91,-51.34,2.93,-0.42,-10.90,-0.09,-0.06,-0.02
73110,23.13,1019.43,38.91,-51.34,2.96,-0.45,-10.87,-0.09,-0.06,-0.03
73128,23.13,1019.43,38.91,-51.34,2.97,-0.44,-10.90,-0.09,-0.06,-0.02
73147,23.13,1019.43,38.91,-51.34,2.95,-0.44,-10.90,-0.09,-0.06,-0.03
73167,23.13,1019.43,38.91,-51.34,2.95,-0.43,-10.88,-0.09,-0.06,-0.03
73185,23.14,1019.44,39.13,-51.38,2.98,-0.44,-10.87,-0.09,-0.06,-0.03
73203,23.14,1019.44,39.13,-51.38,2.96,-0.45,-10.90,-0.09,-0.06,-0.02
73222,23.14,1019.44,39.13,-51.38,2.96,-0.44,-10.90,-0.09,-0.06,-0.03
73239,23.14,1019.44,39.13,-51.38,2.96,-0.44,-10.89,-0.09,-0.06,-0.02
73257,23.14,1019.44,39.13,-51.38,2.95,-0.44,-10.88,-0.09,-0.06,-0.02
73276,23.14,1019.44,39.13,-51.29,2.96,-0.44,-10.88,-0.09,-0.06,-0.02
73294,23.13,1019.43,39.44,-51.29,2.94,-0.43,-10.91,-0.09,-0.06,-0.02
73314,23.13,1019.43,39.44,-51.29,2.96,-0.45,-10.91,-0.09,-0.06,-0.02
73332,23.13,1019.43,39.44,-51.29,2.94,-0.42,-10.90,-0.09,-0.06,-0.02
73351,23.13,1019.43,39.44,-51.29,2.98,-0.44,-10.90,-0.09,-0.06,-0.02
73369,23.13,1019.43,39.44,-51.29,2.94,-0.44,-10.91,-0.09,-0.06,-0.02
73387,23.14,1019.44,39.76,-51.41,2.96,-0.44,-10.90,-0.09,-0.06,-0.02
73405,23.14,1019.44,39.76,-51.41,2.95,-0.43,-10.87,-0.09,-0.06,-0.02
73423,23.14,1019.44,39.76,-51.41,2.97,-0.45,-10.88,-0.09,-0.06,-0.03
73451,23.14,1019.44,39.76,-51.41,2.94,-0.36,-10.85,-0.09,-0.06,-0.03
73469,23.14,1019.44,39.76,-51.46,2.99,-0.55,-10.89,-0.09,-0.06,-0.02
73487,23.13,1019.44,39.86,-51.39,2.92,-0.34,-10.89,-0.09,-0.06,-0.02
73505,23.13,1019.44,39.86,-51.39,2.98,-0.48,-10.88,-0.09,-0.06,-0.02
73524,23.13,1019.44,39.86,-51.39,2.91,-0.43,-10.86,-0.09,-0.06,-0.03
73542,23.13,1019.44,39.86,-51.39,3.00,-0.42,-10.87,-0.09,-0.06,-0.02
73560,23.13,1019.44,39.86,-51.39,2.94,-0.43,-10.91,-0.09,-0.06,-0.02
73580,23.14,1019.44,40.10,-51.39,2.99,-0.43,-10.90,-0.09,-0.06,-0.03
73598,23.14,1019.44,40.10,-51.39,2.93,-0.46,-10.91,-0.09,-0.06,-0.02
73617,23.14,1019.44,40.10,-51.39,2.96,-0.43,-10.89,-0.09,-0.06,-0.03
73634,23.14,1019.44,40.10,-51.39,2.96,-0.45,-10.86,-0.09,-0.06,-0.02
73653,23.14,1019.44,40.10,-51.39,2.94,-0.47,-10.89,-0.09,-0.06,-0.03
73671,23.14,1019.44,40.42,-51.42,2.96,-0.42,-10.87,-0.09,-0.06,-0.03
73689,23.14,1019.44,40.42,-51.42,2.99,-0.44,-10.87,-0.09,-0.06,-0.03
73707,23.14,1019.44,40.42,-51.42,2.95,-0.45,-10.86,-0.09,-0.06,-0.03
73728,23.14,1019.44,40.42,-51.42,2.97,-0.44,-10.88,-0.09,-0.06,-0.03
73746,23.14,1019.44,40.42,-51.42,2.96,-0.45,-10.89,-0.09,-0.06,-0.03
73763,23.14,1019.44,40.57,-51.45,2.94,-0.44,-10.87,-0.09,-0.06,-0.03
73782,23.14,1019.45,40.57,-51.45,2.94,-0.44,-10.89,-0.09,-0.06,-0.03
73800,23.14,1019.45,40.57,-51.45,2.98,-0.42,-10.90,-0.09,-0.06,-0.03
73819,23.14,1019.45,40.57,-51.45,2.95,-0.42,-10.90,-0.09,-0.06,-0.02
73836,23.14,1019.45,40.57,-51.45,2.97,-0.43,-10.89,-0.09,-0.06,-0.02
73857,23.14,1019.45,40.57,-51.39,2.96,-0.39,-10.89,-0.09,-0.06,-0.02
73875,23.14,1019.43,40.79,-51.34,2.96,-0.51,-10.87,-0.09,-0.06,-0.02
73893,23.14,1019.43,40.79,-51.34,2.93,-0.35,-10.88,-0.09,-0.06,-0.02
73911,23.14,1019.43,40.79,-51.34,3.01,-0.51,-10.89,-0.09,-0.06,-0.03
73929,23.14,1019.43,40.79,-51.34,2.94,-0.41,-10.89,-0.10,-0.06,-0.02
73948,23.14,1019.43,40.79,-51.34,2.98,-0.42,-10.92,-0.09,-0.06,-0.02
73966,23.14,1019.46,41.05,-51.54,2.99,-0.45,-10.87,-0.09,-0.06,-0.03
73986,23.14,1019.46,41.05,-51.54,2.89,-0.39,-10.90,-0.09,-0.06,-0.02
74004,23.14,1019.46,41.05,-51.54,3.00,-0.46,-10.89,-0.09,-0.06,-0.03
74022,23.14,1019.46,41.05,-51.54,2.93,-0.42,-10.88,-0.09,-0.07,-0.01
74041,23.14,1019.46,41.05,-51.54,2.99,-0.42,-10.89,-0.09,-0.06,-0.03
74058,23.14,1019.44,41.09,-51.40,2.95,-0.45,-10.88,-0.09,-0.06,-0.02
74077,23.14,1019.44,41.09,-51.40,2.94,-0.44,-10.87,-0.09,-0.06,-0.03
74095,23.14,1019.44,41.09,-51.40,2.97,-0.42,-10.94,-0.09,-0.07,-0.02
74113,23.14,1019.44,41.09,-51.40,2.93,-0.47,-10.91,-0.09,-0.06,-0.03
74133,23.14,1019.44,41.09,-51.40,2.95,-0.37,-10.92,-0.09,-0.06,-0.02
74151,23.14,1019.44,41.37,-51.52,2.95,-0.46,-10.88,-0.09,-0.06,-0.03
74170,23.14,1019.45,41.37,-51.52,2.97,-0.43,-10.91,-0.10,-0.06,-0.02
74187,23.14,1019.45,41.37,-51.52,2.98,-0.44,-10.90,-0.09,-0.06,-0.02
74206,23.14,1019.45,41.37,-51.52,2.92,-0.45,-10.88,-0.09,-0.06,-0.02
74224,23.14,1019.45,41.37,-51.52,2.99,-0.42,-10.88,-0.09,-0.06,-0.03
74243,23.14,1019.45,41.37,-51.52,2.98,-0.46,-10.88,-0.09,-0.07,-0.02
74262,23.14,1019.45,41.51,-51.53,2.94,-0.42,-10.88,-0.10,-0.06,-0.02
74280,23.14,1019.45,41.51,-51.53,2.96,-0.43,-10.89,-0.09,-0.06,-0.03
74299,23.14,1019.45,41.51,-51.53,2.98,-0.46,-10.89,-0.09,-0.06,-0.02
74317,23.14,1019.45,41.51,-51.53,2.96,-0.42,-10.93,-0.09,-0.06,-0.02
74335,23.14,1019.45,41.51,-51.53,2.97,-0.43,-10.90,-0.09,-0.06,-0.03
74353,23.14,1019.44,41.63,-51.39,2.95,-0.43,-10.90,-0.09,-0.06,-0.02
74372,23.14,1019.44,41.63,-51.39,2.95,-0.43,-10.89,-0.09,-0.06,-0.03
74392,23.14,1019.44,41.63,-51.39,2.94,-0.44,-10.88,-0.09,-0.06,-0.02
74409,23.14,1019.44,41.63,-51.39,2.96,-0.44,-10.86,-0.09,-0.06,-0.02
74428,23.14,1019.44,41.63,-51.39,2.95,-0.44,-10.90,-0.09,-0.06,-0.03
74446,23.14,1019.46,41.71,-51.57,2.96,-0.43,-10.89,-0.09,-0.06,-0.02
74464,23.14,1019.46,41.71,-51.57,2.97,-0.44,-10.89,-0.09,-0.06,-0.02
74482,23.14,1019.46,41.71,-51.57,2.96,-0.45,-10.91,-0.09,-0.06,-0.02
74501,23.14,1019.46,41.71,-51.57,2.97,-0.45,-10.89,-0.09,-0.06,-0.02
74528,23.14,1019.46,41.71,-51.57,2.95,-0.44,-10.87,-0.09,-0.06,-0.02
74547,23.14,1019.46,41.87,-51.56,2.94,-0.45,-10.91,-0.09,-0.06,-0.02
74564,23.14,1019.46,41.87,-51.56,2.98,-0.48,-10.87,-0.09,-0.06,-0.03
74583,23.14,1019.46,41.87,-51.56,2.91,-0.41,-10.89,-0.09,-0.06,-0.02
74601,23.14,1019.46,41.87,-51.56,3.00,-0.45,-10.91,-0.09,-0.06,-0.03
74619,23.14,1019.46,41.87,-51.56,2.92,-0.42,-10.87,-0.09,-0.06,-0.02
74637,23.14,1019.46,41.92,-51.29,3.00,-0.44,-10.91,-0.09,-0.06,-0.03
74655,23.14,1019.43,41.92,-51.29,2.92,-0.42,-10.89,-0.09,-0.06,-0.03
74676,23.14,1019.43,41.92,-51.29,2.96,-0.45,-10.91,-0.09,-0.06,-0.03
74694,23.14,1019.43,41.92,-51.29,2.95,-0.43,-10.88,-0.09,-0.06,-0.02
74712,23.14,1019.43,41.92,-51.29,2.98,-0.44,-10.88,-0.09,-0.06,-0.02
74730,23.14,1019.43,41.92,-51.65,2.94,-0.42,-10.90,-0.09,-0.06,-0.02
74748,23.14,1019.47,42.00,-51.65,2.97,-0.44,-10.90,-0.09,-0.06,-0.02
74767,23.14,1019.47,42.00,-51.65,2.96,-0.42,-10.89,-0.09,-0.06,-0.02
74784,23.14,1019.47,42.00,-51.65,2.98,-0.45,-10.88,-0.09,-0.06,-0.03
74805,23.14,1019.47,42.00,-51.65,2.94,-0.44,-10.88,-0.09,-0.06,-0.03
74823,23.14,1019.47,42.00,-51.65,2.96,-0.42,-10.87,-0.09,-0.06,-0.02
74841,23.14,1019.45,42.10,-51.49,2.97,-0.43,-10.90,-0.09,-0.06,-0.02
74859,23.14,1019.45,42.10,-51.49,2.98,-0.45,-10.91,-0.09,-0.06,-0.02
74877,23.14,1019.45,42.10,-51.49,2.94,-0.44,-10.92,-0.09,-0.06,-0.02
74896,23.14,1019.45,42.10,-51.49,2.97,-0.43,-10.90,-0.09,-0.06,-0.02
74913,23.14,1019.45,42.10,-51.49,2.97,-0.45,-10.90,-0.09,-0.06,-0.02
74934,23.14,1019.46,42.10,-51.59,2.96,-0.45,-10.91,-0.09,-0.06,-0.02
74952,23.14,1019.46,42.10,-51.59,2.98,-0.43,-10.89,-0.09,-0.06,-0.02
74971,23.14,1019.46,42.10,-51.59,2.96,-0.44,-10.88,-0.09,-0.06,-0.02
74988,23.14,1019.46,42.10,-51.59,2.96,-0.44,-10.88,-0.09,-0.06,-0.02
~
